{
    "loss": 0.5861032605171204,
    "accuracy": 0.9482758641242981
}